url,label
https://www.google.com,0
https://www.facebook.com,0
http://login-secure-bank.com,1
http://verify-account-paypal.com,1
https://github.com,0
http://free-money-win-now.com,1
https://www.google.com,0
https://www.github.com,0
https://www.stackoverflow.com,0
https://www.wikipedia.org,0
https://www.amazon.in,0
https://www.microsoft.com,0
https://www.linkedin.com,0
https://www.netflix.com,0
https://www.apple.com,0
https://www.tesla.com,0
http://login-secure-bank.com,1
http://verify-account-paypal.com,1
http://secure-update-account.com,1
http://free-money-win-now.com,1
http://banking-verification-required.com,1
http://confirm-your-password-now.com,1
http://click-here-to-win-prize.com,1
http://urgent-account-update.com,1
http://security-alert-login.com,1
http://paypal-login-verification.com,1
http://bit.ly/freegiftcard,1
http://tinyurl.com/secure-login,1
http://update-your-facebook-password.com,1
http://instagram-login-verify.com,1
http://amazon-security-check.com,1
https://www.reddit.com,0
https://www.yahoo.com,0
https://www.bbc.com,0
https://www.nasa.gov,0
https://www.ibm.com,0